REGION,rmse,mae,r2,n
North,0.23747595384649633,0.13024809827914913,0.513024153904571,30
Central,0.8100288253637794,0.4582037393413992,0.7380351968140746,30
East,0.9241100025569757,0.5378273701381265,0.2531338625896913,30
West,1.01036784062811,0.6209504920567124,0.8673530958552388,30
South,1.3230703770525811,0.815400479095599,0.8450880250659778,30
