REGION,rmse,mae,r2,n
North,0.19941340817207032,0.11400674592488207,0.65661853314605,30
Central,0.8086622842306593,0.46714238556330706,0.7389183350479009,30
East,0.8945762523014288,0.525842362835218,0.30010940566684174,30
West,0.9943299708449039,0.6029093706739136,0.8715307615964593,30
South,1.294791218326529,0.782038535075573,0.8516393971588682,30
