REGION,rain_rmse,rain_mae,temp_rmse,temp_mae,n
Central,0.7356076815611917,0.48251673241560816,1.1192304835131188,0.7974940607967425,30
East,0.5973570921177743,0.400585354486287,1.0468078453165302,0.799558567674042,30
North,0.049329265031778854,0.1013578524469564,1.8327470315597543,1.1304078387340037,30
South,1.7932035964494453,0.8533428108651825,0.5689676391974393,0.6569873510684797,30
West,1.2423201496659402,0.6652124828846537,1.4577767200753184,0.9449445659517822,30
